item,name,description,type,category,subcategory,label
http://www.wikidata.org/entity/Q2427430,Northeast Flag Replacement,"Zhang Xueliang's announcement on 29 December 1928 on replacing all banners of the Beiyang government in Manchuria with the flag of the Nationalist government, thus nominally uniting China under one state",concept,history,historical event,cultural exclusive
http://www.wikidata.org/entity/Q125482,imam,Islamic leadership position,concept,philosophy and religion,religious leader,cultural exclusive
http://www.wikidata.org/entity/Q15789,FC Bayern Munich,"association football club in Munich, Germany",entity,sports,sports club,cultural exclusive
http://www.wikidata.org/entity/Q582496,Fome Zero,program intended to eradicate hunger and extreme poverty in Brazil,entity,politics,government agency,cultural exclusive
http://www.wikidata.org/entity/Q572811,Anthony Award,awards given at Bouchercon for mystery literature,entity,literature,literary award,cultural exclusive
http://www.wikidata.org/entity/Q1866547,Livraria Bertrand,Portuguese book retailer,entity,books,bookstore,cultural exclusive
http://www.wikidata.org/entity/Q19081,prokaryotes,group of organisms whose cells lack a cell nucleus,concept,biology,organism,cultural agnostic
http://www.wikidata.org/entity/Q474090,narrative poetry,type of poetry which tells a story,concept,literature,poetry,cultural exclusive
http://www.wikidata.org/entity/Q1266300,Neue Slowenische Kunst,micronation,entity,visual arts,art movement,cultural representative
http://www.wikidata.org/entity/Q193654,short-track speed skating,"winter sport, in which skaters skate on an oval ice track with a length of 111.12 m",concept,sports,sport,cultural agnostic
http://www.wikidata.org/entity/Q372,We Live in Public,2009 documentary film,entity,films,film,cultural representative
http://www.wikidata.org/entity/Q820887,University of Florence,university in Italy,entity,history,archive,cultural exclusive
http://www.wikidata.org/entity/Q503269,seamount,mountain rising from the ocean floor that does not reach the water's surface,concept,geography,mountain,cultural agnostic
http://www.wikidata.org/entity/Q57318,free imperial city,self-ruling city that enjoyed Imperial immediacy in the Holy Roman Empire,concept,geography,city,cultural agnostic
http://www.wikidata.org/entity/Q25239,Alnus,genus of plants,concept,biology,tree,cultural agnostic
http://www.wikidata.org/entity/Q47195,trick-or-treating,Halloween custom in which costumed children go from house to house to ask for candy,concept,gestures and habits,tradition,cultural exclusive
http://www.wikidata.org/entity/Q83368,empiricism,theory that states that knowledge comes only or primarily from sensory experience,concept,philosophy and religion,philosophical movement,cultural agnostic
http://www.wikidata.org/entity/Q42601,David Ginola,French footballer (born 1967),entity,fashion,model,cultural representative
http://www.wikidata.org/entity/Q654057,Tuscan order,Architectural order,concept,architecture,architectural style,cultural agnostic
http://www.wikidata.org/entity/Q446523,epyllion,short epic poem,concept,literature,literary genre,cultural agnostic
http://www.wikidata.org/entity/Q1695743,post in ground,"type of construction in which vertical, roof-bearing timbers, called posts, are in direct contact with the ground. They may be placed into excavated post holes, driven into the ground, or on sills which are set on the ground without a foundation",concept,architecture,building,cultural agnostic
http://www.wikidata.org/entity/Q5188176,cross-gender acting,actors portraying characters of the opposite sex,concept,films,acting style,cultural agnostic
http://www.wikidata.org/entity/Q154168,toast,ritual in which a drink is taken,concept,gestures and habits,ritual,cultural agnostic
http://www.wikidata.org/entity/Q13473,beIN SPORTS,global Qatari network of sports channels,entity,media,media company,cultural agnostic
http://www.wikidata.org/entity/Q2088191,philosopher king,"king who rules through love and knowledge, as described by Plato",concept,philosophy and religion,philosopher,cultural agnostic
http://www.wikidata.org/entity/Q15003,escalator,moving staircase,concept,transportation,mode of transport,cultural exclusive
http://www.wikidata.org/entity/Q510548,Tour Méditerranéen,recurring sporting event,entity,sports,recurring sporting event,cultural representative
http://www.wikidata.org/entity/Q672556,Boxer Protocol,"Diplomatic protocol, final agreement between China and eleven countries on compensation for the 1900 riots",entity,books,book,cultural exclusive
http://www.wikidata.org/entity/Q738377,student newspaper,newspaper or periodical run by students,entity,media,magazine,cultural exclusive
http://www.wikidata.org/entity/Q170980,obelisk,"tall, four-sided, narrow tapering monument which ends in a pyramid-like shape at the top",concept,history,monument,cultural exclusive
http://www.wikidata.org/entity/Q242791,Kyokushin kaikan,full contact karate organization founded by Masutatsu Ōyama,entity,sports,sports team,cultural exclusive
http://www.wikidata.org/entity/Q159488,anti-tobacco movement in Nazi Germany,overview about the anti-tobacco movement in Nazi Germany,concept,politics,policy,cultural agnostic
http://www.wikidata.org/entity/Q5409,Peire Rogier,French troubadour,entity,literature,poet,cultural representative
http://www.wikidata.org/entity/Q748822,private press,publishing and printing operation operated as an artistic or craft-based endeavor,concept,literature,publisher,cultural agnostic
http://www.wikidata.org/entity/Q578798,Council of Government of the Region of Murcia,executive branch of regional government in Spain,entity,politics,government,cultural exclusive
http://www.wikidata.org/entity/Q1145,Jean-Philippe Rameau,French composer and music theorist (1683–1764),entity,performing arts,choreographer,cultural exclusive
http://www.wikidata.org/entity/Q169990,Eleventh Amendment to the United States Constitution,1795 amendment restricting ability to sue states in federal courts,entity,politics,law,cultural exclusive
http://www.wikidata.org/entity/Q6406716,Castillo Douglas,"house in Aguascalientes, Mexico",entity,architecture,construction,cultural exclusive
http://www.wikidata.org/entity/Q1323191,costume designer,"person who designs costumes for a film, stage production, or television show",concept,fashion,designer,cultural agnostic
http://www.wikidata.org/entity/Q66844,Lamboing,"village and former municipality in Plateau de Diesse in the canton of Bern, Switzerland",entity,geography,neighborhood,cultural exclusive
http://www.wikidata.org/entity/Q365065,bitter lemon,British soft drink,concept,food,drink,cultural representative
http://www.wikidata.org/entity/Q546206,Miami bass,"subgenre of hip-hop from South Florida in the 1980s and 1990s, characterized by the Roland TR-808 sustained kick drum, raised dance tempos, and sexually explicit lyrics",concept,music,music genre,cultural representative
http://www.wikidata.org/entity/Q82288,Psychrolutes marcidus,Australian deep-sea fish with gelatinous flesh,concept,biology,fish,cultural agnostic
http://www.wikidata.org/entity/Q488205,singer-songwriter,"musician who writes, composes and sings own songs",concept,music,musical profession,cultural agnostic
http://www.wikidata.org/entity/Q487734,Croatian folk costume,traditional dress of the various regions of Croatia,concept,fashion,traditional costume,cultural exclusive
http://www.wikidata.org/entity/Q253241,Su Nuraxi di Barumini,nuraghe,entity,history,museum,cultural exclusive
http://www.wikidata.org/entity/Q217392,Open Season 2,2009 animated feature film directed by Matthew O'Callaghan,entity,comics and anime,animated film,cultural representative
http://www.wikidata.org/entity/Q1776053,city comedy,genre of comedy in English early modern theatre,concept,performing arts,theatrical genre,cultural agnostic
http://www.wikidata.org/entity/Q3154160,Julia Vysotskaya,Russian actress and television presenter,entity,food,cook,cultural representative
http://www.wikidata.org/entity/Q53044,Elio Petri,Italian filmmaker (1929–1982),entity,films,film director,cultural representative
http://www.wikidata.org/entity/Q852061,champion,"victor in a challenge, contest or competition",entity,sports,athlete,cultural exclusive
http://www.wikidata.org/entity/Q201565,nori,edible seaweed species of the red algae genus Pyropia,concept,food,ingredient,cultural agnostic
http://www.wikidata.org/entity/Q264972,740 Park Avenue,residential building in New York City,entity,architecture,architectural structure,cultural exclusive
http://www.wikidata.org/entity/Q5219853,Danish philosophy,part of Western philosophy,concept,philosophy and religion,philosophy,cultural agnostic
http://www.wikidata.org/entity/Q242095,Dino Buzzati,Italian writer (1906-1972),entity,comics and anime,comics artist,cultural representative
http://www.wikidata.org/entity/Q438464,alternative comics,independent comic publications,concept,comics and anime,comics,cultural agnostic
http://www.wikidata.org/entity/Q55439,panel painting,painting made on a flat panel made of wood,concept,visual arts,painting,cultural agnostic
http://www.wikidata.org/entity/Q1650915,researcher,"person who engages in research, professionally or otherwise. If a more specific occupation is known, use that instead",concept,books,non-fiction writer,cultural agnostic
http://www.wikidata.org/entity/Q2250579,Shu'ubiyya,Iranian movement against the supremacy of the Arab race,concept,philosophy and religion,religious movement,cultural agnostic
http://www.wikidata.org/entity/Q177220,singer,person singing for a listening audience,entity,music,musician,cultural agnostic
http://www.wikidata.org/entity/Q47520669,diplomatician,person who studies the protocols of documents,concept,history,historian,cultural exclusive
http://www.wikidata.org/entity/Q182950,Studio Ghibli,Japanese animation studio,entity,comics and anime,animation studio,cultural representative
http://www.wikidata.org/entity/Q1154859,rock festival,type of music festival,concept,music,music festival,cultural exclusive
http://www.wikidata.org/entity/Q31454881,Baldegg Kloster railway station,railway station in Switzerland,entity,transportation,station,cultural exclusive
http://www.wikidata.org/entity/Q62855,Alexander Braun,German botanist and university teacher (1805–1877),entity,biology,biologist,cultural exclusive
http://www.wikidata.org/entity/Q254907,genrō,Japanese elder statesmen,concept,politics,politician,cultural exclusive
http://www.wikidata.org/entity/Q591942,distributary,stream that branches off and flows away from a main stream channel,concept,geography,river,cultural agnostic
http://www.wikidata.org/entity/Q942219,kanga,"traditional wrapped garment of East Africa, typically worn by women",entity,fashion,clothing,cultural exclusive
http://www.wikidata.org/entity/Q178671,Theosophy,religion founded by Helena Blavatsky,concept,philosophy and religion,religion,cultural agnostic
http://www.wikidata.org/entity/Q890057,body modification,deliberate altering of the human anatomy for non-medical reasons,concept,gestures and habits,mores,cultural agnostic
http://www.wikidata.org/entity/Q6839890,Microphotography,writing style in science journalism,concept,literature,writing style,cultural agnostic
http://www.wikidata.org/entity/Q5180408,Crackle,digital streaming video content network,concept,media,streaming service,cultural agnostic
http://www.wikidata.org/entity/Q10798,Sus,genus of mammals in the family Suidae,entity,biology,animal,cultural exclusive
http://www.wikidata.org/entity/Q354239,minor party,political party with little influence in the governing of a country,entity,politics,political party,cultural agnostic
http://www.wikidata.org/entity/Q61391,cheerleading,sports activity in which the participants cheer for their team as a form of encouragement,concept,performing arts,dance,cultural agnostic
http://www.wikidata.org/entity/Q32491,Qantas,the flag carrier airline of Australia,entity,media,production company,cultural exclusive
http://www.wikidata.org/entity/Q704948,body double,profession,concept,performing arts,actor,cultural agnostic
http://www.wikidata.org/entity/Q6379416,Kawabata Evaluation System,system to measure the mechanical properties of fabrics,concept,fashion,textile,cultural agnostic
http://www.wikidata.org/entity/Q1451709,women's cinema,women role-related cinema,concept,films,film genre,cultural agnostic
http://www.wikidata.org/entity/Q266569,animator,person who makes animated sequences out of still images,concept,visual arts,artist,cultural agnostic
http://www.wikidata.org/entity/Q170593,collaging,technique of art production using assemblage of different forms,concept,visual arts,visual arts,cultural agnostic
http://www.wikidata.org/entity/Q828043,bouillabaisse,traditional Provençal fish stew,concept,food,dish,cultural exclusive
http://www.wikidata.org/entity/Q276452,Goliath Artists,American management company and record label,entity,music,record label,cultural representative
http://www.wikidata.org/entity/Q374852,Glück auf,German miners' greeting phrase,concept,gestures and habits,greeting,cultural agnostic
http://www.wikidata.org/entity/Q23529,message in a bottle,form of communication,concept,transportation,transport,cultural agnostic
http://www.wikidata.org/entity/Q39336,Rome Film Festival,"film festival that takes place in Rome, Italy",entity,films,film festival,cultural exclusive
http://www.wikidata.org/entity/Q59187,Vauxhall,"English car company, subsidiary of Stellantis",entity,transportation,automobile manufacturer,cultural agnostic
http://www.wikidata.org/entity/Q49000490,council architect,architect working for a local council,concept,architecture,architect,cultural agnostic
http://www.wikidata.org/entity/Q5139107,coca flour,coca leaves powder,concept,food,food,cultural exclusive
http://www.wikidata.org/entity/Q564278,Meunière sauce,"Butter, parsley, and lemon-based condiment",concept,food,cooking technique,cultural agnostic
http://www.wikidata.org/entity/Q438533,alternative manga,sub genre of manga,concept,comics and anime,manga,cultural representative
http://www.wikidata.org/entity/Q308876,stop-motion,animation technique to make a physically manipulated object appear to move on its own,concept,comics and anime,animation technique,cultural agnostic
http://www.wikidata.org/entity/Q1320698,Strawberry Field,Site of a former Salvation Army children's home in Liverpool,entity,geography,geographic location,cultural exclusive
http://www.wikidata.org/entity/Q18545,ball,round object used in sports or for playing,concept,sports,sports equipment,cultural agnostic
http://www.wikidata.org/entity/Q9381,Adam Smith,Scottish moral philosopher and political economist (1723–1790),entity,literature,writer,cultural exclusive
http://www.wikidata.org/entity/Q338367,Accademia Carrara,Italian art gallery and academy of fine arts in Bergamo,entity,visual arts,art gallery,cultural exclusive
http://www.wikidata.org/entity/Q25104247,mic drop,gesture of dropping a microphone,concept,gestures and habits,body language,cultural agnostic
http://www.wikidata.org/entity/Q65022,Ellen von Unwerth,German photographer,entity,visual arts,photographer,cultural exclusive
http://www.wikidata.org/entity/Q16390125,Les Sœurs Boulay,Canadian musical sibling duo,entity,music,musical group,cultural representative
http://www.wikidata.org/entity/Q5194627,Lilium,genus of plants,concept,biology,plant,cultural agnostic
http://www.wikidata.org/entity/Q3364870,rangeland,open grazing land,concept,geography,environment,cultural agnostic
http://www.wikidata.org/entity/Q84199,Michael Haneke,Austrian film director and screenwriter,entity,performing arts,theatrical director,cultural representative
http://www.wikidata.org/entity/Q244630,Two-Rhythm Dance,"Zwiefache is a typical Bavarian-Bohemian musical genre that is played, danced and sung",entity,performing arts,folk dance,cultural representative
http://www.wikidata.org/entity/Q172336,chokehold,submission hold that reduces air or blood flow,concept,gestures and habits,gesture,cultural agnostic
http://www.wikidata.org/entity/Q184452,cable television,television content transmitted via signals on coaxial cable,concept,media,television,cultural agnostic
http://www.wikidata.org/entity/Q911043,cross-laminated timber,wood panel product made from solid-sawn lumber,concept,architecture,building material,cultural agnostic
http://www.wikidata.org/entity/Q2380474,Raleigh Studios,American film studio,entity,media,film studio,cultural representative
http://www.wikidata.org/entity/Q365126,Keolis Nederland,transport company,entity,transportation,transport company,cultural exclusive
http://www.wikidata.org/entity/Q7257263,underwear as outerwear,fashion trend,concept,fashion,fashion trend,cultural agnostic
http://www.wikidata.org/entity/Q55198,Oleksandr Dovzhenko,"Soviet Ukrainian screenwriter, film producer and director (1894–1956)",entity,films,film producer,cultural representative
http://www.wikidata.org/entity/Q2618583,French Emigration,French diaspora due to the French Revolution and Napoleonic rule,concept,history,historical event,cultural exclusive
http://www.wikidata.org/entity/Q133485,rabbi,teacher of Torah in Judaism,concept,philosophy and religion,religious leader,cultural exclusive
http://www.wikidata.org/entity/Q15799,Club Atlético River Plate,Argentine professional sports club based in Buenos Aires,entity,sports,sports club,cultural exclusive
http://www.wikidata.org/entity/Q593887,Council of Government,cabinet of the Monaco government,entity,politics,government agency,cultural exclusive
http://www.wikidata.org/entity/Q593216,Constantijn Huygens Prize,"series of annually awarded Dutch literary prizes for complete oeuvres, named after the poet Constantijn Huygens.",entity,literature,literary award,cultural exclusive
http://www.wikidata.org/entity/Q1323870,El Ateneo Grand Splendid,"former theatre in Buenos Aires, Argentina, now used as a bookshop",entity,books,bookstore,cultural exclusive
http://www.wikidata.org/entity/Q19088,eukaryote,taxonomic group whose members have a cell nucleus enclosed within a nuclear envelope,concept,biology,organism,cultural agnostic
http://www.wikidata.org/entity/Q252120,Ottoman poetry,oral compositions and written texts of the Ottoman Empire,concept,literature,poetry,cultural exclusive
http://www.wikidata.org/entity/Q1307909,ligne claire,drawing style,concept,visual arts,art movement,cultural agnostic
http://www.wikidata.org/entity/Q392409,freediving,underwater diving without the use of breathing apparatus,concept,sports,sport,cultural agnostic
http://www.wikidata.org/entity/Q24075,Godzilla,1998 film directed by Roland Emmerich,entity,films,film,cultural representative
http://www.wikidata.org/entity/Q461,Internet Archive,American non-profit organization,entity,history,archive,cultural exclusive
http://www.wikidata.org/entity/Q502899,outlier,area of younger rock completely surrounded by older rocks,concept,geography,mountain,cultural agnostic
http://www.wikidata.org/entity/Q133442,city-state,independent or autonomous entity whose territory consists of a city,concept,geography,city,cultural agnostic
http://www.wikidata.org/entity/Q25243,Betula,genus of plants,concept,biology,tree,cultural agnostic
http://www.wikidata.org/entity/Q352664,adat,customary law in Muslim regions,concept,gestures and habits,tradition,cultural agnostic
http://www.wikidata.org/entity/Q152311,naturism,movement for social nudity,concept,philosophy and religion,philosophical movement,cultural agnostic
http://www.wikidata.org/entity/Q42745,Rita Hayworth,American actress (1918–1987),entity,fashion,model,cultural representative
http://www.wikidata.org/entity/Q616358,Prairie School architecture,architectural style,entity,architecture,architectural style,cultural representative
http://www.wikidata.org/entity/Q390248,myth of origins,myth that purports to describe the origin of some feature of the natural or social world,concept,literature,literary genre,cultural agnostic
http://www.wikidata.org/entity/Q1807465,laufhaus,brothel where sex workers can rent rooms,concept,architecture,building,cultural agnostic
http://www.wikidata.org/entity/Q3080858,wagoto,style of kabuki acting,concept,films,acting style,cultural agnostic
http://www.wikidata.org/entity/Q125375,consecration,solemn dedication to a special purpose or service,concept,gestures and habits,ritual,cultural agnostic
http://www.wikidata.org/entity/Q140676,rediff.com,Indian news and entertainment website,entity,media,media company,cultural exclusive
http://www.wikidata.org/entity/Q1297719,French moralist,philosopher or theologian who works in moralism or morality,entity,philosophy and religion,philosopher,cultural exclusive
http://www.wikidata.org/entity/Q53121,cycling,"riding a bicycle (transportation, sport, exercise, recreation...)",concept,transportation,mode of transport,cultural agnostic
http://www.wikidata.org/entity/Q507220,DARPA Grand Challenge,prize competition for American autonomous vehicles,entity,sports,recurring sporting event,cultural representative
http://www.wikidata.org/entity/Q840584,Scouting for Boys,book,entity,books,book,cultural exclusive
http://www.wikidata.org/entity/Q847906,online magazine,"website-based magazine (different from E-zine, which is sent to the subscribers)",concept,media,magazine,cultural agnostic
http://www.wikidata.org/entity/Q178743,stele,stone or wooden slab erected for funerals or commemorative purposes,concept,history,monument,cultural exclusive
http://www.wikidata.org/entity/Q205543,American Football League All-Time Team,Official list of the American Football League's best players,entity,sports,sports team,cultural representative
http://www.wikidata.org/entity/Q334451,language policy,legal measures regarding the use of language,concept,politics,policy,cultural agnostic
http://www.wikidata.org/entity/Q43459,Ferdowsi,"Persian poet, author of Shahnameh",entity,literature,poet,cultural representative
http://www.wikidata.org/entity/Q1280834,Bible society,"non-profit organization, usually ecumenical in makeup, devoted to translating, publishing, and distributing the Bible",entity,literature,publisher,cultural exclusive
http://www.wikidata.org/entity/Q59281,transitional government,temporary or emergency government body/authority created when none exists,entity,politics,government,cultural exclusive
http://www.wikidata.org/entity/Q1192,Jean-Baptiste Lully,Italian-born French composer (1632–1687),entity,performing arts,choreographer,cultural representative
http://www.wikidata.org/entity/Q188116,Fourteenth Amendment to the United States Constitution,"1868 amendment addressing citizenship rights, civil and political liberties",entity,politics,law,cultural exclusive
http://www.wikidata.org/entity/Q6784637,Massie Wireless Station,"historic wireless telegraphy station in Rhode Island, USA",entity,architecture,construction,cultural exclusive
http://www.wikidata.org/entity/Q2519376,jewelry designer,one who creates jewelry or designs for its manufacture,concept,fashion,designer,cultural agnostic
http://www.wikidata.org/entity/Q66626,Hornussen,"village and former municipality in Böztal in the canton of Aargau, Switzerland",entity,geography,neighborhood,cultural exclusive
http://www.wikidata.org/entity/Q665982,Posca,Ancient Roman drink,concept,food,drink,cultural representative
http://www.wikidata.org/entity/Q546264,beat music,"popular music genre, influenced by rock and roll, skiffle, traditional pop music; developed in the UK early 1960s",concept,music,music genre,cultural representative
http://www.wikidata.org/entity/Q495488,forage fish,small fish which are preyed on by larger predators for food,concept,biology,fish,cultural agnostic
http://www.wikidata.org/entity/Q544972,trombonist,musician who plays the trombone,concept,music,musical profession,cultural agnostic
http://www.wikidata.org/entity/Q693791,koto,traditional dress of women in Suriname,concept,fashion,traditional costume,cultural exclusive
http://www.wikidata.org/entity/Q254118,Holocaust Museum LA,museum,entity,history,museum,cultural exclusive
http://www.wikidata.org/entity/Q19090,Robin Hood,1973 American animated film,entity,comics and anime,animated film,cultural representative
http://www.wikidata.org/entity/Q1584013,Yakshagana,traditional theatre form in India,entity,performing arts,theatrical genre,cultural exclusive
http://www.wikidata.org/entity/Q3275087,Hanaya Yohei,Japanese chef,entity,food,cook,cultural representative
http://www.wikidata.org/entity/Q53046,Carlo Verdone,"Italian actor, screenwriter and film director",entity,films,film director,cultural representative
http://www.wikidata.org/entity/Q767703,breakdancer,person who breakdances,concept,sports,athlete,cultural agnostic
http://www.wikidata.org/entity/Q93189,egg as food,edible animal product,concept,food,ingredient,cultural exclusive
http://www.wikidata.org/entity/Q259553,Urania,architectural structure in Vienna,entity,architecture,architectural structure,cultural exclusive
http://www.wikidata.org/entity/Q5276133,digital philosophy,direction in philosophy and cosmology advocated by certain mathematicians and theoretical physicists,entity,philosophy and religion,philosophy,cultural representative
http://www.wikidata.org/entity/Q239897,Joann Sfar,"French comics artist, graphic novelist, and film director",entity,comics and anime,comics artist,cultural representative
http://www.wikidata.org/entity/Q181283,adult comics,comic genre,concept,comics and anime,comics,cultural agnostic
http://www.wikidata.org/entity/Q219423,mural,piece of artwork painted or applied directly on a large permanent surface,concept,visual arts,painting,cultural agnostic
http://www.wikidata.org/entity/Q864380,biographer,person who creates biographies,concept,books,non-fiction writer,cultural agnostic
http://www.wikidata.org/entity/Q2283231,Light-Life,renewal movement within the Catholic Church,entity,philosophy and religion,religious movement,cultural exclusive
http://www.wikidata.org/entity/Q183945,record producer,individual who oversees and manages the recording of an artist's music,concept,music,musician,cultural representative
http://www.wikidata.org/entity/Q60233168,political historian,person who is engaged in political history,concept,history,historian,cultural exclusive
http://www.wikidata.org/entity/Q197069,Zexcs,Japanese animation studio,entity,comics and anime,animation studio,cultural representative
http://www.wikidata.org/entity/Q670265,Eisteddfod,"type of Welsh festival of literature, music and performance",concept,music,music festival,cultural exclusive
http://www.wikidata.org/entity/Q15964235,Emmenbrücke Kapf railway station,railway station in Switzerland,entity,transportation,station,cultural exclusive
http://www.wikidata.org/entity/Q63036,Eduard Oscar Schmidt,German zoologist (1823–1886),entity,biology,biologist,cultural exclusive
http://www.wikidata.org/entity/Q225907,professional revolutionary,follower of the Communist movement who engages professionally in subversive or revolutionary (depending on viewpoint) activities,concept,politics,politician,cultural agnostic
http://www.wikidata.org/entity/Q794428,entrenched river,term,concept,geography,river,cultural agnostic
http://www.wikidata.org/entity/Q874265,Stump sock,cloth accessory for amputation stumps,concept,fashion,clothing,cultural agnostic
http://www.wikidata.org/entity/Q183308,New Age,spiritual or religious beliefs and practices that developed in Western nations during the 1970s,entity,philosophy and religion,religion,cultural exclusive
http://www.wikidata.org/entity/Q11046554,tapu,Polynesian traditional concept denoting something holy or sacred,concept,gestures and habits,mores,cultural exclusive
http://www.wikidata.org/entity/Q4835874,BLUF,writing style that places key information at the beginning,entity,literature,writing style,cultural exclusive
http://www.wikidata.org/entity/Q3565221,Wakanim,European anime streaming service,concept,media,streaming service,cultural agnostic
http://www.wikidata.org/entity/Q25326,Mollusca,large phylum of invertebrate animals,concept,biology,animal,cultural agnostic
http://www.wikidata.org/entity/Q766570,Political parties in Russia,Wikimedia list article,concept,politics,political party,cultural agnostic
http://www.wikidata.org/entity/Q3015646,Australian dance,aspect of Australian culture,concept,performing arts,dance,cultural exclusive
http://www.wikidata.org/entity/Q49112,Yale University,"private university in New Haven, Connecticut",entity,media,production company,cultural exclusive
http://www.wikidata.org/entity/Q895818,boy player,Adolescent males employed by Medieval and Renaissance theater companies,entity,performing arts,actor,cultural representative
http://www.wikidata.org/entity/Q6415061,jajim,type of flat-woven textile from Iran,concept,fashion,textile,cultural agnostic
http://www.wikidata.org/entity/Q1352102,Free Cinema,British documentary film movement,entity,films,film genre,cultural representative
http://www.wikidata.org/entity/Q579021,perfumer,expert on creating perfume compositions,concept,visual arts,artist,cultural agnostic
http://www.wikidata.org/entity/Q473743,environmental art,genre of art engaging nature and ecology,concept,visual arts,visual arts,cultural agnostic
http://www.wikidata.org/entity/Q824592,Berner Platte,bernese traditional meat dish,entity,food,dish,cultural representative
http://www.wikidata.org/entity/Q264980,Equal Vision Records,American record label,entity,music,record label,cultural exclusive
http://www.wikidata.org/entity/Q596428,Kia ora,Māori-language greeting,concept,gestures and habits,greeting,cultural agnostic
http://www.wikidata.org/entity/Q49845,mail,system for transporting documents and other small packages,concept,transportation,transport,cultural exclusive
http://www.wikidata.org/entity/Q10957,Lumière Festival,"annual film festival held in Lyon, France",entity,films,film festival,cultural representative
http://www.wikidata.org/entity/Q59182,Wikov,Czech automobile manufacturer,entity,transportation,automobile manufacturer,cultural exclusive
http://www.wikidata.org/entity/Q3621561,starchitect,portmanteau used to describe a famous architect,entity,architecture,architect,cultural exclusive
http://www.wikidata.org/entity/Q5503619,fried eggplant,Turkish cuisine dish,concept,food,food,cultural exclusive
http://www.wikidata.org/entity/Q5300093,double steaming,Chinese cooking technique to prepare delicate food such as bird's nest soup,concept,food,cooking technique,cultural representative
http://www.wikidata.org/entity/Q478804,children's anime and manga,anime and manga for children,concept,comics and anime,manga,cultural representative
http://www.wikidata.org/entity/Q119906,parallax scrolling,"computer graphics technique, where background images move past the camera more slowly than foreground images, creating an illusion of depth in a 2D scene and adding to the sense of immersion in the virtual experience",concept,comics and anime,animation technique,cultural agnostic
http://www.wikidata.org/entity/Q1466283,Sizewell nuclear power stations,nuclear power plant,entity,geography,geographic location,cultural exclusive
http://www.wikidata.org/entity/Q44475,spear,"weapon or tool consisting of a shaft, usually of wood, with a pointed head that is used for thrusting or throwing",concept,sports,sports equipment,cultural agnostic
http://www.wikidata.org/entity/Q42,Douglas Adams,English science fiction writer and humorist (1952–2001),entity,literature,writer,cultural representative
http://www.wikidata.org/entity/Q150066,Pinacoteca di Brera,"art museum in Milan, Italy",entity,visual arts,art gallery,cultural exclusive
http://www.wikidata.org/entity/Q30314702,body language of dogs,a dogs movements and feelings,concept,gestures and habits,body language,cultural agnostic
http://www.wikidata.org/entity/Q64718,Victor Hasselblad,Swedish photographer and inventor (1906–1978),entity,visual arts,photographer,cultural representative
http://www.wikidata.org/entity/Q1469093,Rodrigo y Gabriela,Mexican guitar duo,entity,music,musical group,cultural representative
http://www.wikidata.org/entity/Q4671452,terrestrial plant,plant that lives on land,concept,biology,plant,cultural agnostic
http://www.wikidata.org/entity/Q4986688,built environment,environment created by humans,concept,geography,environment,cultural agnostic
http://www.wikidata.org/entity/Q78639,Max Reinhardt,theatre director and actor (1873-1943),entity,performing arts,theatrical director,cultural exclusive
http://www.wikidata.org/entity/Q329385,schottische,"partnered country dance derived from polka, of continental European origin",concept,performing arts,folk dance,cultural exclusive
http://www.wikidata.org/entity/Q267050,Mano,Filipino gesture,entity,gestures and habits,gesture,cultural agnostic
http://www.wikidata.org/entity/Q242256,closed-circuit television,use of video cameras to transmit a signal to a specific place on a limited set of monitors,concept,media,television,cultural agnostic
http://www.wikidata.org/entity/Q647584,flashing,construction material used to prevent the passage of water around objects,concept,architecture,building material,cultural agnostic
http://www.wikidata.org/entity/Q2088225,Laugh-O-Gram Studio,animation studio founded by Walt Disney in 1922,entity,media,film studio,cultural exclusive
http://www.wikidata.org/entity/Q366922,TEC,"operator for public transport in Wallonia, Belgium",entity,transportation,transport company,cultural exclusive
http://www.wikidata.org/entity/Q28966228,lightning rod fashion,Fashion accessories using lightning rods,concept,fashion,fashion trend,cultural agnostic
http://www.wikidata.org/entity/Q55207,Nikita Mikhalkov,"Russian film director, writer, producer and actor",entity,films,film producer,cultural representative
http://www.wikidata.org/entity/Q2635310,Mrkonjić Grad incident,1995 shoot-down during the Bosnian War,entity,history,historical event,cultural exclusive
http://www.wikidata.org/entity/Q172748,antipope,"person who claims to be, but is not recognized as, the legitimate pope",concept,philosophy and religion,religious leader,cultural exclusive
http://www.wikidata.org/entity/Q16320,Club Atlético Peñarol,Uruguayan sports club,entity,sports,sports club,cultural exclusive
http://www.wikidata.org/entity/Q597935,Communications Security Establishment Canada,Canada's national cryptologic agency,concept,politics,government agency,cultural exclusive
http://www.wikidata.org/entity/Q294238,BookSpot Literatuurprijs,series of former annual Dutch literary awards sponsored by Bookspot (2018 and 2019). Prolongation of the ECI Literatuur Prijs (2015-2017) because the sponsor changed its name from ECI to BooksSpot in March 2018,entity,literature,literary award,cultural exclusive
http://www.wikidata.org/entity/Q1409680,H. N. Jacobsens Bókahandil,oldest bookshop in the Faroe Islands,entity,books,bookstore,cultural exclusive
http://www.wikidata.org/entity/Q25367,plankton,organisms that are in the water column and are incapable of swimming against current,concept,biology,organism,cultural agnostic
http://www.wikidata.org/entity/Q288909,Urdu poetry,tradition of poetry,concept,literature,poetry,cultural exclusive
http://www.wikidata.org/entity/Q516316,Young British Artists,loose group of visual artists,entity,visual arts,art movement,cultural representative
http://www.wikidata.org/entity/Q244158,skipping rope,game in which one or more participants jump over a swung rope,concept,sports,sport,cultural agnostic
http://www.wikidata.org/entity/Q24151,Alligator II – The Mutation,1991 film by Jon Hess,entity,films,film,cultural representative
http://www.wikidata.org/entity/Q565,Wikimedia Commons,"online repository of free-use image, audio, and other media files",entity,history,archive,cultural exclusive
http://www.wikidata.org/entity/Q442987,Hewitt,"type of mountain or hill in England, Wales or Ireland, with at least 610 m (2000 feet) of altitude",entity,geography,mountain,cultural exclusive
http://www.wikidata.org/entity/Q83020,provincial city,type of administrative division of the Republic of China (Taiwan),entity,geography,city,cultural exclusive
http://www.wikidata.org/entity/Q2453469,Juglans,large tree,concept,biology,tree,cultural agnostic
http://www.wikidata.org/entity/Q189819,ritual,"set of actions performed according to an established sequence, mainly for their symbolic value",entity,gestures and habits,tradition,cultural agnostic
http://www.wikidata.org/entity/Q164828,Samkhya,one of six schools of Hindu philosophy,entity,philosophy and religion,philosophical movement,cultural representative
http://www.wikidata.org/entity/Q76452,Uschi Obermaier,German model (born 1946),entity,fashion,model,cultural exclusive
http://www.wikidata.org/entity/Q681188,paifang,traditional style of Chinese architectural arched gateway,concept,architecture,architectural style,cultural representative
http://www.wikidata.org/entity/Q393148,aggadah,non-legalistic exegetical texts in the classical rabbinic literature,concept,literature,literary genre,cultural agnostic
http://www.wikidata.org/entity/Q1711275,Jugendburg,mediaeval castle in German-speaking countries that was converted during the 20th century into a public community centre or educational facility for young people,concept,architecture,building,cultural agnostic
http://www.wikidata.org/entity/Q519926,Yubitsume,Japanese ritual,concept,gestures and habits,ritual,cultural exclusive
http://www.wikidata.org/entity/Q163560,Axel Springer SE,large multimedia company in Europe,entity,media,media company,cultural exclusive
http://www.wikidata.org/entity/Q5403434,ethicist,moral principle analyst,concept,philosophy and religion,philosopher,cultural agnostic
http://www.wikidata.org/entity/Q167681,Vahana,animal or mythical entity that a particular Hindu deity uses as vehicle,concept,transportation,mode of transport,cultural exclusive
http://www.wikidata.org/entity/Q508557,Panhellenic Games,Four distinct Ancient Greek sports festivals,entity,sports,recurring sporting event,cultural agnostic
http://www.wikidata.org/entity/Q85750582,Captain Cook,1972 non-fiction book by Alistair MacLean,entity,books,book,cultural exclusive
http://www.wikidata.org/entity/Q416,disk magazine,electronic magazine to be read using computers,concept,media,magazine,cultural agnostic
http://www.wikidata.org/entity/Q193475,menhir,large upright standing stone,concept,history,monument,cultural exclusive
http://www.wikidata.org/entity/Q191378,Z-Boys,influential group of mid-1970s skateboarders,entity,sports,sports team,cultural exclusive
http://www.wikidata.org/entity/Q751734,smoking ban,"public policies, including criminal laws and occupational safety and health regulations, that prohibit tobacco smoking in workplaces and other public spaces",concept,politics,policy,cultural agnostic
http://www.wikidata.org/entity/Q392,Bob Dylan,American singer-songwriter (born 1941),entity,literature,poet,cultural representative
http://www.wikidata.org/entity/Q1917775,music publishing company,"company that licenses compositions, collects royalties and distributes them to the composers",concept,literature,publisher,cultural agnostic
http://www.wikidata.org/entity/Q720829,open government,governing doctrine which holds that citizens have the right to access the documents and proceedings of the government to allow for effective public oversight,concept,politics,government,cultural exclusive
http://www.wikidata.org/entity/Q291331,Darcey Bussell,British ballerina,entity,performing arts,choreographer,cultural representative
http://www.wikidata.org/entity/Q256658,stand-your-ground law,legal principle permitting use of force against aggressors without obligation to retreat,concept,politics,law,cultural agnostic
http://www.wikidata.org/entity/Q811095,construction of the World Trade Center,building construction project in New York City (1968–1987),entity,architecture,construction,cultural exclusive
http://www.wikidata.org/entity/Q2707485,scenographer,"Designers of all visual aspects of a stage production, including scenery, properties, lighting, costume, and makeup",concept,fashion,designer,cultural agnostic
http://www.wikidata.org/entity/Q67052,Barberêche,"former municipality and village in Courtepin in the canton of Fribourg, Switzerland",entity,geography,neighborhood,cultural exclusive
http://www.wikidata.org/entity/Q343276,Actimel,Dairy brand,entity,food,drink,cultural representative
http://www.wikidata.org/entity/Q546359,doo-wop,style of rhythm & blues,concept,music,music genre,cultural representative
http://www.wikidata.org/entity/Q1072742,freshwater fish,fish that live all or much of their lives in freshwater,concept,biology,fish,cultural agnostic
http://www.wikidata.org/entity/Q584301,bassist,musician who plays a bass instrument,concept,music,musical profession,cultural agnostic
http://www.wikidata.org/entity/Q1130359,loincloth,"cloth worn around the loins, often as the sole article of clothing in warm climates",concept,fashion,traditional costume,cultural representative
http://www.wikidata.org/entity/Q252800,Abbot's Palace (Oliwa),building,entity,history,museum,cultural exclusive
http://www.wikidata.org/entity/Q4447,Despicable Me,2010 film directed by Pierre Coffin and Chris Renaud,entity,comics and anime,animated film,cultural representative
http://www.wikidata.org/entity/Q1615950,Weihnachtsmärchen,theatrical genre,entity,performing arts,theatrical genre,cultural representative
http://www.wikidata.org/entity/Q3292396,Marie Bourgeois,French chef,entity,food,cook,cultural representative
http://www.wikidata.org/entity/Q53045,Giuseppe Tornatore,Italian film director and screenwriter,entity,films,film director,cultural representative
http://www.wikidata.org/entity/Q969772,Free agent,player who is eligible to sign with any club or franchise,concept,sports,athlete,cultural agnostic
http://www.wikidata.org/entity/Q1728977,karashi,mustard used in Japan,concept,food,ingredient,cultural agnostic
http://www.wikidata.org/entity/Q286522,Oskar Schindler's Enamel Factory,architectural structure,entity,architecture,architectural structure,cultural exclusive
http://www.wikidata.org/entity/Q7362654,Romanian philosophy,philosophy done in Romania or by Romanians,concept,philosophy and religion,philosophy,cultural agnostic
http://www.wikidata.org/entity/Q224904,Ed Arno,Cartoonist/contributing to The New Yorker from 1969 to 2001,entity,comics and anime,comics artist,cultural representative
http://www.wikidata.org/entity/Q562214,manhwa,comics created in Korea,concept,comics and anime,comics,cultural agnostic
http://www.wikidata.org/entity/Q646420,Fayum mummy portraits,type of ancient naturalistic portraits from Roman Egypt,concept,visual arts,painting,cultural agnostic
http://www.wikidata.org/entity/Q1172458,muhaddith,specialist who profoundly knows and narrates hadith,concept,books,non-fiction writer,cultural agnostic
http://www.wikidata.org/entity/Q2210815,Orthodox Reformed Chorch,era in the history of Calvinism,concept,philosophy and religion,religious movement,cultural agnostic
http://www.wikidata.org/entity/Q177718,sideman,role for a musician,concept,music,musician,cultural exclusive
http://www.wikidata.org/entity/Q2004963,numismatist,"person studying currencies, coins or paper money",concept,history,historian,cultural exclusive
http://www.wikidata.org/entity/Q2940649,Cartoon Saloon,Irish animation studio,entity,comics and anime,animation studio,cultural representative
http://www.wikidata.org/entity/Q358576,Technoparade,parade of vehicles equipped with strong loudspeakers and amplifiers playing electronic dance music,concept,music,music festival,cultural exclusive
http://www.wikidata.org/entity/Q31444630,Ballwil railway station,railway station in Switzerland,entity,transportation,station,cultural exclusive
http://www.wikidata.org/entity/Q62982,Jacques Loeb,German-American physiologist and biologist (1859-1924),entity,biology,biologist,cultural exclusive
http://www.wikidata.org/entity/Q327591,independent politician,individual not affiliated to any political party,concept,politics,politician,cultural agnostic
http://www.wikidata.org/entity/Q100649,blackwater river,type of river with a slow-moving channel flowing through forested wetlands,entity,geography,river,cultural exclusive
http://www.wikidata.org/entity/Q701069,Hanbok,traditional Korean outfit comprised of a jacket and a woman’s skirt or men’s trousers,entity,fashion,clothing,cultural exclusive
http://www.wikidata.org/entity/Q188213,state religion,religious body or creed officially endorsed by the state,concept,philosophy and religion,religion,cultural agnostic
http://www.wikidata.org/entity/Q15975772,headlinese,abbreviated writing style used in newspaper headlines,entity,literature,writing style,cultural exclusive
http://www.wikidata.org/entity/Q7735102,Fox Nation,American streaming service of Fox News,entity,media,streaming service,cultural representative
http://www.wikidata.org/entity/Q25334,European Robin,species of bird,concept,biology,animal,cultural agnostic
http://www.wikidata.org/entity/Q938993,frivolous political party,political party which has been created for the purposes of entertainment or political satire,concept,politics,political party,cultural agnostic
http://www.wikidata.org/entity/Q2879962,baião,music genre and type of dance,concept,performing arts,dance,cultural exclusive
http://www.wikidata.org/entity/Q127990,Australian National University,"national research university in Canberra, Australian Capital Territory",entity,media,production company,cultural exclusive
http://www.wikidata.org/entity/Q948329,character actor,actor who predominantly plays unusual or eccentric characters,concept,performing arts,actor,cultural agnostic
http://www.wikidata.org/entity/Q4878968,bed skirt,"bedding accessory consisting of a flat and gathered or pleated piece of fabric, often matching the bedspread, attached to the rails or springs of a bed.Used to cover the bed frame and the bed legs. Also used for decoration.",entity,fashion,textile,cultural agnostic
http://www.wikidata.org/entity/Q1361932,family film,film genre; films intended for a family audience of all ages,entity,films,film genre,cultural agnostic
http://www.wikidata.org/entity/Q639669,musician,"person who composes, conducts or performs music",concept,visual arts,artist,cultural agnostic
http://www.wikidata.org/entity/Q616077,VJing,broad designation for realtime visual performance,concept,visual arts,visual arts,cultural agnostic
http://www.wikidata.org/entity/Q827654,lassi,yogurt-based drink from Indian subcontinent,entity,food,dish,cultural representative
